<?xml version="1.0" encoding="ISO-8859-15"?>
<uc-export clientvers="12.1.0+build.9364">
<DOCU name="PCK.CUSTOM_ANSIBLE_TOWER.PUB.DOC">
<HEADER state="1">
<Title>Pack Documentation</Title>
<ArchiveKey1/>
<ArchiveKey2/>
<OH_SubType/>
</HEADER>
<DOCU_Docu state="1" type="text">
<DOC><![CDATA[Ansible Tower Documentation: http://docs.ansible.com/ansible-tower/
API Guide: http://docs.ansible.com/ansible-tower/latest/html/towerapi/index.html

The following actions are provided:
?	Add Host To Group
?	Create Group
?	Create Host
?	Create Inventory
?	Create Organization
?	Create Project
?	Create User
?	Delete Group
?	Delete Host
?	Delete Inventory
?	Delete Organization
?	Delete Project
?	Delete User
?	Launch Job Template
?	Launch System Job Template
?	List Groups
?	List Hosts
?	List Inventories
?	List Inventory Scripts
?	List Job Events
?	List Jobs
?	List Projects
?	List Roles
?	List Schedules
?	List System Jobs
?	List Users
?	Remove Host From Group
?	Update Project
]]></DOC>
</DOCU_Docu>
</DOCU>
</uc-export>