<?xml version="1.0" encoding="ISO-8859-15" standalone="no"?>
<uc-export clientvers="12.1.0+build.9364">
<VARA OVD_VRName="FREI" data_type="STATIC" name="PCK.CUSTOM_ANSIBLE_TOWER.PUB.VAR.METADATA" replacementmode="2">
<HEADER state="1">
<Title/>
<ArchiveKey1/>
<ArchiveKey2/>
<OH_SubType>STATIC</OH_SubType>
</HEADER>
<ATTR_VARA state="1">
<Type>C|Text</Type>
<lblSource>Static</lblSource>
<source>STATIC</source>
<VRName>FREI|Freely selected</VRName>
<NotFoundErr>0</NotFoundErr>
<NotFoundDef>1</NotFoundDef>
<ShareN>0</ShareN>
<ShareL>0</ShareL>
<ShareR>0</ShareR>
<MaxValue_C>1024</MaxValue_C>
<CheckMax_C>0</CheckMax_C>
<uppercase>0</uppercase>
<sortColumn>0</sortColumn>
<sortDirection>0</sortDirection>
<HostType/>
</ATTR_VARA>
<VARA state="1">
<Variables>
<row Name="Categories" Value="Provisioning" Value1="" Value2="" Value3="" Value4=""/>
<row Name="Company" Value="Tim Kennedy (Automic Software)" Value1="" Value2="" Value3="" Value4=""/>
<row Name="Dependencies" Value="PCK.AUTOMIC_RA_REST ~&gt; 1.0,PCK.ITPA_SHARED ~&gt; 1.1" Value1="" Value2="" Value3="" Value4=""/>
<row Name="Description" Value="Integration into Red Hat Ansible Tower" Value1="" Value2="" Value3="" Value4=""/>
<row Name="Homepage" Value="marketplace.automic.com" Value1="" Value2="" Value3="" Value4=""/>
<row Name="License" Value="" Value1="" Value2="" Value3="" Value4=""/>
<row Name="Name" Value="PCK.CUSTOM_ANSIBLE_TOWER" Value1="" Value2="" Value3="" Value4=""/>
<row Name="Package Format Version" Value="0.2.0" Value1="" Value2="" Value3="" Value4=""/>
<row Name="Restricted To Client" Value="" Value1="" Value2="" Value3="" Value4=""/>
<row Name="Title" Value="Ansible Tower" Value1="" Value2="" Value3="" Value4=""/>
<row Name="Version" Value="2.0.0" Value1="" Value2="" Value3="" Value4=""/>
<row Name="Action.Builder.Version" Value="3.0.0-6121" Value1="" Value2="" Value3="" Value4=""/>
<row Name="Action.Builder.Library" Value="12.1.0+build.9395" Value1="" Value2="" Value3="" Value4=""/>
<row Name="Action.Builder.Exported" Value="2018-01-05T17:29:05+0000" Value1="" Value2="" Value3="" Value4=""/>
</Variables>
</VARA>
<DOCU_Docu state="1" type="text">
<DOC/>
</DOCU_Docu>
</VARA>
</uc-export>
