<?xml version="1.0" encoding="ISO-8859-15"?>
<uc-export clientvers="11.2.0-dev+main.build.2327">
<DOCU name="PCK.TK_ANSIBLE_TOWER.PUB.DOC">
<HEADER state="1">
<Title>Pack Documentation</Title>
<ArchiveKey1/>
<ArchiveKey2/>
<OH_SubType/>
</HEADER>
<DOCU_Docu state="1" type="text">
<DOC><![CDATA[Ansible Tower Documentation: http://docs.ansible.com/ansible-tower/
API Guide: https://docs.ansible.com/ansible-tower/3.0.1/html/towerapi/index.html
]]></DOC>
</DOCU_Docu>
</DOCU>
</uc-export>